,drVersion,inputFileName,sessionId,serviceProvider,flow,ip1Loc,port1Loc,ip2Loc,port2Loc,ip1Net,port1Net,ip2Net,port2Net,mediaType,sessionStartTime,sessionBindingDelay,streamingStartTime,streamingEndTime,streamingDuration,sessionDuration,avgMos,sdvMos,avgTransportScore,sdvTransportScore,totPoorScores,totPoorScoresDuration,transportProtocol,protocolCause,ssrc,ssrcAux,avgBr,sdvBr,avgFps,sdvFps,totalMB,fecMB,totalAuxMB,fecAuxMB,seenPack,missedPack,redPack,fecPack,auxSeenPack,auxMissedPack,redAuxPack,fecAuxPack,sdpAvailable,codec,redCodec,fecCodec,auxCodec,redAuxCodec,fecAuxCodec,partialRecord,appliedModel,probe,instance,GTPIpUL,GTPIpDL,GTPTeidUL,GTPTeidDL,qfi
0,21_01_236_988741304,Teams-2022-02-03-PTP-FernAV-PierA-Impairments.pcapng,4171557375952179528,Teams,0,192.168.100.25,50006,5.170.216.26,33726,92.223.249.51,50006,5.170.216.26,33726,Audio,2022-02-03 16:13:55.185,2.14,2022-02-03 16:14:01.448,2022-02-03 16:28:03.979,842.53,970.66,,,,,,,101,0-000,0x1b64,,46.43,24.66,42.54,10.98,4.89,0.00,,,35900,5240,14455,0,,,,,0,Satin;16000;60,Redundancy;8000;130,,,,,1,P1201;;LR,nth2,01,,,,,
1,21_01_236_988741304,Teams-2022-02-03-PTP-FernAV-PierA-Impairments.pcapng,4171557375952179528,Teams,1,5.170.216.26,33726,192.168.100.25,50006,5.170.216.26,33726,92.223.249.51,50006,Audio,2022-02-03 16:13:55.185,2.14,2022-02-03 16:14:01.913,2022-02-03 16:28:04.284,842.37,970.66,,,,,,,101,0-000,0xe2e6,,37.75,16.02,49.91,1.91,3.98,0.00,,,42122,0,5261,0,,,,,0,Satin;16000;60,Redundancy;8000;120,,,,,1,P1201;;LR,nth2,01,,,,,
2,21_01_236_988741304,Teams-2022-02-03-PTP-FernAV-PierA-Impairments.pcapng,4171557375952179528,Teams,2,192.168.100.25,50022,5.170.216.26,34188,92.223.249.51,50022,5.170.216.26,34188,Video,2022-02-03 16:13:55.185,30.90,2022-02-03 16:14:27.399,2022-02-03 16:28:04.245,816.85,970.66,,,,,,,101,0-000,0x1bc9,0x1bfb,1344.94,848.08,23.03,3.66,137.52,20.57,2.65,0.00,167223,15396,0,19730,3913,2546,0,0,0,H.264;90000;40,,H.264 FEC;90000;,H.264 PTP RTX;90000;190,,,1,P1201;;LR,nth2,01,,,,,
3,21_01_236_988741304,Teams-2022-02-07-PTPTrePPartecipanti-CONF.pcapng,4171865617886469680,Teams,0,192.168.100.25,50002,5.170.216.6,62188,92.223.249.51,50002,5.170.216.6,62188,Audio,2022-02-07 10:29:35.952,1.87,2022-02-07 10:29:42.782,2022-02-07 10:31:16.517,93.73,5852.59,,,,,,,101,0-000,0x71b5,,26.52,7.14,48.99,5.28,0.30,0.00,,,4458,0,0,0,,,,,0,Satin;16000;60,,,,,,1,P1201;;LR,nth2,01,,,,,
4,21_01_236_988741304,Teams-2022-02-07-PTPTrePPartecipanti-CONF.pcapng,4171865617886469680,Teams,1,5.170.216.6,62188,192.168.100.25,50002,5.170.216.6,62188,92.223.249.51,50002,Audio,2022-02-07 10:29:35.952,1.87,2022-02-07 10:29:42.875,2022-02-07 10:31:16.517,93.64,5852.59,,,,,,,101,0-000,0xb746,,31.00,7.67,49.14,5.15,0.35,0.00,,,4472,0,0,0,,,,,0,Satin;16000;60,,,,,,1,P1201;;LR,nth2,01,,,,,
5,21_01_236_988741304,Teams-2022-02-07-PTPTrePPartecipanti-CONF.pcapng,4171865617886469680,Teams,2,192.168.100.25,50001,52.113.49.230,3480,92.223.249.51,50001,52.113.49.230,3480,Audio,2022-02-07 10:29:35.952,100.04,2022-02-07 10:31:16.766,2022-02-07 12:05:05.365,5628.60,5852.59,,,,,,,101,0-000,0x721a,,34.23,11.41,44.04,12.43,14.00,0.01,,,144599,0,0,505,,,,,0,Satin;16000;60,,Audio FEC;;,,,,1,P1201;;LR,nth2,01,,,,,
6,21_01_236_988741304,Teams-2022-02-07-PTPTrePPartecipanti-CONF.pcapng,4171865617886469680,Teams,3,52.113.49.230,3480,192.168.100.25,50001,52.113.49.230,3480,92.223.249.51,50001,Audio,2022-02-07 10:29:35.952,100.04,2022-02-07 10:31:18.879,2022-02-07 12:05:06.364,5627.48,5852.59,,,,,,,101,0-000,0x6a5,,35.91,10.36,45.35,11.07,17.51,0.01,,,177379,0,0,528,,,,,0,Satin;16000;60,,Audio FEC;;,,,,1,P1201;;LR,nth2,01,,,,,
7,21_01_236_988741304,Teams-2022-02-07-PTPTrePPartecipanti-CONF.pcapng,4171865617886469680,Teams,4,52.113.49.230,3481,192.168.100.25,50043,52.113.49.230,3481,92.223.249.51,50043,Sharing,2022-02-07 10:29:35.952,100.06,2022-02-07 10:31:55.548,2022-02-07 12:05:05.284,5589.74,5852.59,,,,,,,101,0-000,0xc82,0xc83,22.14,112.82,1.23,0.42,15.36,10.11,8.48,0.00,69011,0,0,24553,11771,0,0,1,0,H.264;90000;800,,H.264 FEC;90000;,H.264;90000;810,,H.264 FEC;90000;,1,P1201;;LR,nth2,01,,,,,
8,21_01_236_988741304,Teams-2022-02-07-PTPTrePPartecipanti-CONF.pcapng,4171865617886469680,Teams,5,192.168.100.25,50053,52.113.49.230,3480,92.223.249.51,50053,52.113.49.230,3480,Data,2022-02-07 10:29:35.952,100.11,2022-02-07 10:31:55.561,2022-02-07 10:31:55.561,0.00,5852.59,,,,,,,101,0-000,0x7668,,1.14,0.00,1.00,0.00,0.00,0.00,,,1,0,0,0,,,,,0,x-data;90000;,,,,,,1,P1201;;LR,nth2,01,,,,,
9,21_01_236_988741304,Teams-2022-02-07-PTPTrePPartecipanti-CONF.pcapng,4171865617886469680,Teams,6,52.113.49.230,3480,192.168.100.25,50053,52.113.49.230,3480,92.223.249.51,50053,Data,2022-02-07 10:29:35.952,100.11,2022-02-07 10:31:56.154,2022-02-07 10:31:56.154,0.00,5852.59,,,,,,,101,0-000,0xce7,,1.14,0.00,1.00,0.00,0.00,0.00,,,1,0,0,0,,,,,0,x-data;90000;,,,,,,1,P1201;;LR,nth2,01,,,,,
10,21_01_236_988741304,Teams-2022-02-07-PTPTrePPartecipanti-CONF.pcapng,4171865617886469680,Teams,7,52.113.49.230,3481,192.168.100.25,50043,52.113.49.230,3481,92.223.249.51,50043,Sharing,2022-02-07 10:29:35.952,100.06,2022-02-07 10:31:56.170,2022-02-07 10:31:56.586,0.42,5852.59,,,,,,,101,0-000,0xc84,0xc85,646.10,0.00,2.00,0.00,0.08,0.01,0.00,0.00,93,0,0,12,2,0,0,0,0,H.264;90000;740,,H.264 FEC;90000;,H.264;90000;40,,,1,P1201;;LR,nth2,01,,,,,
11,21_01_236_988741304,Teams-2022-02-16-Nokia-Gigamon-TaylorVoiceChopped.pcapng,4170432784040123720,Teams,0,52.115.192.8,3480,192.168.100.25,50002,,,92.223.249.51,50002,Audio,2022-02-16 16:34:54.308,0.08,2022-02-16 16:34:54.405,2022-02-16 17:04:05.049,1750.64,1870.88,,,,,,,101,0-000,0x1b5d,,36.42,8.88,46.26,9.12,7.55,0.00,,,77045,0,0,285,,,,,0,Satin;16000;60,,Audio FEC;;,,,,1,P1201;;LR,nth2,01,,,,,
12,21_01_236_988741304,Teams-2022-02-16-Nokia-Gigamon-TaylorVoiceChopped.pcapng,4170432784040123720,Teams,2,52.115.192.8,3481,192.168.100.25,50055,,,92.223.249.51,50055,Video,2022-02-16 16:34:54.308,0.87,2022-02-16 16:34:55.538,2022-02-16 16:43:30.672,515.13,1870.88,,,,,,,101,0-000,0x1f46,0x1f47,99.29,227.16,1.87,0.37,6.64,0.37,0.64,0.00,8628,0,0,836,853,0,0,2,0,H.264;90000;540,,H.264 FEC;90000;,H.264;90000;560,,H.264 FEC;90000;,1,P1201;;LR,nth2,01,,,,,
13,21_01_236_988741304,Teams-2022-02-16-Nokia-Gigamon-TaylorVoiceChopped.pcapng,4170432784040123720,Teams,3,52.115.192.8,3481,192.168.100.25,50055,,,92.223.249.51,50055,Video,2022-02-16 16:34:54.308,0.87,2022-02-16 16:35:17.348,2022-02-16 17:04:00.844,1723.50,1870.88,,,,,,,101,0-000,0x1f48,0x1f49,181.83,466.25,1.87,0.37,27.80,2.68,0.00,0.00,34364,0,0,2914,4,0,0,0,0,H.264;90000;540,,H.264 FEC;90000;,H.264;90000;,,,1,P1201;;LR,nth2,01,,,,,
14,21_01_236_988741304,Teams-2022-02-16-Nokia-Gigamon-TaylorVoiceChopped.pcapng,4170432784040123720,Teams,5,192.168.100.25,50002,52.115.192.8,3480,92.223.249.51,50002,,,Audio,2022-02-16 16:34:54.308,0.08,2022-02-16 16:35:33.039,2022-02-16 17:03:59.716,1706.68,1870.88,,,,,,,101,0-000,0x22c5,,27.04,14.48,36.21,16.27,0.62,0.00,,,6680,0,0,53,,,,,0,Satin;16000;60,,Audio FEC;;,,,,1,P1201;;LR,nth2,01,,,,,
15,21_01_236_988741304,Teams-2022-02-21-PTP-Pier-PC-A-V-S-FT-Chat-PL40per.pcapng,4170844045789959936,Teams,0,192.168.100.25,50006,5.170.216.3,22555,92.223.249.51,50006,5.170.216.3,22555,Audio,2022-02-21 16:54:37.571,1.61,2022-02-21 16:54:47.869,2022-02-21 17:21:21.728,1593.86,2453.82,,,,,,,101,0-000,0xea48,,45.09,20.39,41.93,10.12,8.99,0.00,,,67255,12354,22690,0,,,,,0,Satin;16000;60,Redundancy;8000;130,,,,,1,P1201;;LR,nth2,01,,,,,
16,21_01_236_988741304,Teams-2022-02-21-PTP-Pier-PC-A-V-S-FT-Chat-PL40per.pcapng,4170844045789959936,Teams,1,5.170.216.3,22555,192.168.100.25,50006,5.170.216.3,22555,92.223.249.51,50006,Audio,2022-02-21 16:54:37.571,1.61,2022-02-21 16:54:47.878,2022-02-21 17:21:14.360,1586.48,2453.82,,,,,,,101,0-000,0x9466,,28.96,8.78,49.95,1.52,5.75,0.00,,,79322,1,0,0,,,,,0,Satin;16000;60,,,,,,1,P1201;;LR,nth2,01,,,,,
17,21_01_236_988741304,Teams-2022-02-21-PTP-Pier-PC-A-V-S-FT-Chat-PL40per.pcapng,4170844045789959936,Teams,2,192.168.100.25,50026,5.170.216.3,22771,92.223.249.51,50026,5.170.216.3,22771,Video,2022-02-21 16:54:37.571,493.47,2022-02-21 17:02:52.368,2022-02-21 17:08:19.198,326.83,2453.82,,,,,,,101,0-000,0xeaad,0xeadf,537.64,507.61,20.91,2.93,22.04,7.04,2.59,0.00,33095,11049,0,7243,3370,2036,0,0,0,H.264;90000;40,,H.264 FEC;90000;,H.264 PTP RTX;90000;150,,,1,P1201;;LR,nth2,01,,,,,
18,21_01_236_988741304,Teams-2022-02-21-PTP-Pier-PC-A-V-S-FT-Chat-PL40per.pcapng,4170844045789959936,Teams,4,192.168.100.25,50022,5.170.216.3,22955,92.223.249.51,50022,5.170.216.3,22955,Video,2022-02-21 16:54:37.571,828.02,2022-02-21 17:08:26.251,2022-02-21 17:21:21.712,775.46,2453.82,,,,,,,101,0-000,0xeb11,0xeb43,434.24,800.67,8.27,8.17,41.42,1.35,0.48,0.00,48912,2614,0,2242,681,406,0,0,0,H.264;90000;160,,H.264 FEC;90000;,H.264 PTP RTX;90000;650,,,1,P1201;;LR,nth2,01,,,,,
19,21_01_236_988741304,Teams-2022-02-21-PTP-Pier-PC-A-V-S-FT-Chat-PL40per.pcapng,4170844045789959936,Teams,6,192.168.100.25,50052,5.170.216.3,23005,92.223.249.51,50052,5.170.216.3,23005,Sharing,2022-02-21 16:54:37.571,830.25,2022-02-21 17:08:29.410,2022-02-21 17:18:52.626,623.22,2453.82,,,,,,,101,0-000,0xeb75,0xeba7,59.59,116.43,5.68,1.96,4.65,2.14,1.28,0.00,14214,5790,0,3631,1849,1261,0,0,0,H.264;90000;230,,H.264 FEC;90000;,H.264 PTP RTX;90000;480,,,1,P1201;;LR,nth2,01,,,,,
20,21_01_236_988741304,Teams-2022-02-21-PTP-Pier-PC-A-V-S-FT-Chat-PL40per.pcapng,4170844045789959936,Teams,8,5.170.216.3,22568,192.168.100.25,50046,5.170.216.3,22568,92.223.249.51,50046,Data,2022-02-21 16:54:37.571,837.60,2022-02-21 17:08:36.531,2022-02-21 17:18:56.974,620.44,2453.82,,,,,,,101,0-000,0x9530,,1.14,0.00,1.00,0.00,0.00,0.00,,,2,0,0,0,,,,,0,x-data;90000;,,,,,,1,P1201;;LR,nth2,01,,,,,
21,21_01_236_988741304,Teams-2022-02-21-PTP-Pier-PC-A-V-S-FT-Chat-PL40per.pcapng,4170844045789959936,Teams,9,192.168.100.25,50046,5.170.216.3,22568,92.223.249.51,50046,5.170.216.3,22568,,2022-02-21 16:54:37.571,837.60,2022-02-21 17:08:36.684,2022-02-21 17:08:36.684,0.00,2453.82,,,,,,,101,0-000,0xec0c,,0.00,0.00,1.00,0.00,0.00,0.00,,,0,0,0,0,,,,,0,,,,,,,1,P1201;;LR,nth2,01,,,,,
22,21_01_236_988741304,Teams-2022-02-21-PTP-Pier-PC-A-V-S-FT-Chat-PL40per.pcapng,4170844045789959936,Teams,10,5.170.216.3,22955,192.168.100.25,50022,5.170.216.3,22955,92.223.249.51,50022,Video,2022-02-21 16:54:37.571,828.02,2022-02-21 17:13:23.040,2022-02-21 17:21:14.296,471.26,2453.82,,,,,,,101,0-000,0x9467,,1375.67,993.20,21.19,10.64,67.06,3.18,,,66984,0,0,3237,,,,,0,H.264;90000;30,,H.264 FEC;90000;,,,,1,P1201;;LR,nth2,01,,,,,
23,21_01_236_988741304,Teams-2022-02-21-PTP-Pier-PC-A-V-S-FT-Chat-PL40per.pcapng,4170844045789959936,Teams,11,5.170.216.3,23005,192.168.100.25,50052,5.170.216.3,23005,92.223.249.51,50052,Sharing,2022-02-21 16:54:37.571,830.25,2022-02-21 17:18:56.745,2022-02-21 17:21:14.330,137.59,2453.82,,,,,,,101,0-000,0x94cb,,198.06,347.51,14.59,1.81,3.44,0.33,,,4238,0,0,407,,,,,0,H.264;90000;70,,H.264 FEC;90000;,,,,1,P1201;;LR,nth2,01,,,,,
24,21_01_236_988741304,Teams-2022-02-21-PTP-Pier-PC-A-V-S-FT-Chat-PL40per.pcapng,4170844045789959936,Teams,12,192.168.100.25,50046,5.170.216.3,22568,92.223.249.51,50046,5.170.216.3,22568,Data,2022-02-21 16:54:37.571,837.60,2022-02-21 17:18:56.759,2022-02-21 17:18:56.759,0.00,2453.82,,,,,,,101,0-000,0xebda,,1.14,0.00,1.00,0.00,0.00,0.00,,,1,0,0,0,,,,,0,x-data;90000;,,,,,,1,P1201;;LR,nth2,01,,,,,
25,21_01_236_988741304,Teams-2022-02-21-PTP-Pier-PC-A-V-S-FT-Chat-PL40per.pcapng,4170844045789959936,Teams,13,192.168.100.25,50046,5.170.216.3,22568,92.223.249.51,50046,5.170.216.3,22568,Data,2022-02-21 16:54:37.571,837.60,2022-02-21 17:18:56.978,2022-02-21 17:18:56.978,0.00,2453.82,,,,,,,101,0-000,0xebe1,,0.86,0.00,1.00,0.00,0.00,0.00,,,1,0,0,0,,,,,0,x-data;90000;,,,,,,1,P1201;;LR,nth2,01,,,,,
26,21_01_236_988741304,Teams-2022-02-21-PTP-Pier-PC-A-V-S-FT-Chat-PL40per.pcapng,4170844045789959936,Teams,14,52.114.249.118,3481,192.168.100.25,50052,52.114.249.118,3481,92.223.249.51,50052,Video,2022-02-21 16:54:37.571,1603.46,2022-02-21 17:21:21.232,2022-02-21 17:30:18.425,537.19,2453.82,,,,,,,101,0-000,0x94cb,0x94fd,90.09,304.76,4.64,3.50,6.06,0.77,0.02,0.00,7673,0,0,957,17,0,0,0,0,H.264;90000;160,,H.264 FEC;90000;,H.264 PTP RTX;90000;170,,,1,P1201;;LR,nth2,01,,,,,
27,21_01_236_988741304,Teams-2022-02-21-PTP-Pier-PC-A-V-S-FT-Chat-PL40per.pcapng,4170844045789959936,Teams,16,192.168.100.25,50022,52.114.249.96,3480,92.223.249.51,50022,52.114.249.96,3480,Video,2022-02-21 16:54:37.571,1604.34,2022-02-21 17:21:21.991,2022-02-21 17:33:28.650,726.66,2453.82,,,,,,,101,0-000,0xeb11,0xeb43,1332.54,105.02,24.95,0.83,121.10,1.45,0.02,0.00,126437,8,0,1507,20,0,0,0,0,H.264;90000;40,,H.264 FEC;90000;,H.264 PTP RTX;90000;880,,,1,P1201;;LR,nth2,01,,,,,
28,21_01_236_988741304,Teams-2022-02-21-PTP-Pier-PC-A-V-S-FT-Chat-PL40per.pcapng,4170844045789959936,Teams,17,192.168.100.25,50006,52.114.248.233,3479,92.223.249.51,50006,52.114.248.233,3479,Audio,2022-02-21 16:54:37.571,1.79,2022-02-21 17:21:22.003,2022-02-21 17:33:28.300,726.30,2453.82,,,,,,,101,0-000,0xea48,,35.73,16.50,49.95,1.27,3.25,0.00,,,36315,3,2490,0,,,,,0,Satin;16000;60,Redundancy;8000;120,,,,,1,P1201;;LR,nth2,01,,,,,
29,21_01_236_988741304,Teams-2022-02-21-PTP-Pier-PC-A-V-S-FT-Chat-PL40per.pcapng,4170844045789959936,Teams,18,52.114.248.233,3479,192.168.100.25,50006,52.114.248.233,3479,92.223.249.51,50006,Audio,2022-02-21 16:54:37.571,1.79,2022-02-21 17:21:22.150,2022-02-21 17:33:30.447,728.30,2453.82,,,,,,,101,0-000,0x9466,,35.39,15.61,49.95,1.16,3.23,0.00,,,36416,0,1974,0,,,,,0,Satin;16000;60,Redundancy;8000;120,,,,,1,P1201;;LR,nth2,01,,,,,
30,21_01_236_988741304,Teams-2022-02-21-PTP-Pier-PC-A-V-S-FT-Chat-PL40per.pcapng,4170844045789959936,Teams,19,52.114.249.96,3480,192.168.100.25,50022,52.114.249.96,3480,92.223.249.51,50022,Video,2022-02-21 16:54:37.571,1604.34,2022-02-21 17:21:27.285,2022-02-21 17:33:28.101,720.82,2453.82,,,,,,,101,0-000,0x9467,,580.01,884.26,13.32,9.86,52.35,0.80,,,53707,0,0,1709,,,,,0,H.264;90000;130,,H.264 FEC;90000;,,,,1,P1201;;LR,nth2,01,,,,,
31,21_01_236_988741304,teams_fabio_audio+video+sharing+chat.pcapng,5895045245772416272,Teams,0,79.41.244.168,62120,192.168.1.152,50012,79.41.244.168,62120,93.32.67.234,36933,Audio,2021-04-08 16:32:44.379,4.87,2021-04-08 16:32:50.488,2021-04-08 16:51:50.789,1140.30,1267.16,,,,,,,101,0-000,0x5cf9,,20.26,9.49,49.96,1.63,2.89,0.00,,,57005,12,1901,0,,,,,0,Satin;16000;60,Redundancy;8000;120,,,,,1,P1201;;LR,nth2,01,,,,,
32,21_01_236_988741304,teams_fabio_audio+video+sharing+chat.pcapng,5895045245772416272,Teams,1,192.168.1.152,50034,79.41.244.168,51309,93.32.67.234,36936,79.41.244.168,51309,Video,2021-04-08 16:32:44.379,4.87,2021-04-08 16:32:53.990,2021-04-08 16:51:49.615,1135.62,1267.16,,,,,,,101,0-000,0xc120,0xc152,1688.65,817.33,24.06,9.06,239.79,1.95,0.00,0.00,226194,0,0,2120,3,0,0,0,0,H.264;90000;40,,H.264 FEC;90000;,H.264 PTP RTX;90000;,,,1,P1201;;LR,nth2,01,,,,,
33,21_01_236_988741304,teams_fabio_audio+video+sharing+chat.pcapng,5895045245772416272,Teams,2,79.41.244.168,51309,192.168.1.152,50034,79.41.244.168,51309,93.32.67.234,36936,Video,2021-04-08 16:32:44.379,4.87,2021-04-08 16:32:54.050,2021-04-08 16:51:49.259,1135.21,1267.16,,,,,,,101,0-000,0x5cfa,0x5d2c,802.79,895.82,15.63,10.74,113.91,4.96,0.06,0.00,121209,130,0,5498,67,49,0,0,0,H.264;90000;30,,H.264 FEC;90000;,H.264 PTP RTX;90000;180,,,1,P1201;;LR,nth2,01,,,,,
34,21_01_236_988741304,teams_fabio_audio+video+sharing+chat.pcapng,5895045245772416272,Teams,3,192.168.1.152,50012,79.41.244.168,62120,93.32.67.234,36933,79.41.244.168,62120,Audio,2021-04-08 16:32:44.379,4.87,2021-04-08 16:34:00.510,2021-04-08 16:51:49.179,1068.67,1267.16,,,,,,,101,0-000,0xc11f,,27.53,7.78,49.89,1.84,3.68,0.00,,,53385,0,0,0,,,,,0,Satin;16000;60,,,,,,1,P1201;;LR,nth2,01,,,,,
35,21_01_236_988741304,teams_fabio_audio+video+sharing+chat.pcapng,5895045245772416272,Teams,5,192.168.1.152,50050,79.41.244.168,59362,93.32.67.234,36957,79.41.244.168,59362,Sharing,2021-04-08 16:32:44.379,140.55,2021-04-08 16:35:07.012,2021-04-08 16:38:59.259,232.25,1267.16,,,,,,,101,0-000,0xc184,,808.37,739.98,8.88,12.26,11.20,0.97,,,11329,12591,0,1016,,,,,0,H.264;90000;120,,H.264 FEC;90000;,,,,1,P1201;;LR,nth2,01,,,,,
36,21_01_236_988741304,teams_fabio_audio+video+sharing+chat.pcapng,5895045245772416272,Teams,6,79.41.244.168,52098,192.168.1.152,50040,79.41.244.168,52098,93.32.67.234,36963,Data,2021-04-08 16:32:44.379,142.40,2021-04-08 16:35:07.127,2021-04-08 16:39:16.083,248.96,1267.16,,,,,,,101,0-000,0x5dc3,,1.05,0.00,1.00,0.00,0.00,0.00,,,2,0,0,0,,,,,0,x-data;90000;,,,,,,1,P1201;;LR,nth2,01,,,,,
37,21_01_236_988741304,teams_fabio_audio+video+sharing+chat.pcapng,5895045245772416272,Teams,7,79.41.244.168,52098,192.168.1.152,50040,79.41.244.168,52098,93.32.67.234,36963,Data,2021-04-08 16:32:44.379,142.40,2021-04-08 16:35:08.078,2021-04-08 16:35:08.078,0.00,1267.16,,,,,,,101,0-000,0x5dca,,0.76,0.00,1.00,0.00,0.00,0.00,,,1,0,0,0,,,,,0,x-data;90000;,,,,,,1,P1201;;LR,nth2,01,,,,,
38,21_01_236_988741304,teams_fabio_audio+video+sharing+chat.pcapng,5895045245772416272,Teams,8,79.41.244.168,64880,192.168.1.152,50057,79.41.244.168,64880,93.32.67.234,37164,Sharing,2021-04-08 16:32:44.379,390.54,2021-04-08 16:39:15.959,2021-04-08 16:50:12.323,656.36,1267.16,,,,,,,101,0-000,0x5e26,,470.17,491.79,9.92,6.65,0.76,0.17,,,917,1238,0,191,,,,,0,H.264;90000;60,,H.264 FEC;90000;,,,,1,P1201;;LR,nth2,01,,,,,
39,21_01_236_988741304,teams_fabio_audio+video+sharing+chat.pcapng,5895045245772416272,Teams,9,192.168.1.152,50040,79.41.244.168,52098,93.32.67.234,36963,79.41.244.168,52098,Data,2021-04-08 16:32:44.379,142.40,2021-04-08 16:39:15.968,2021-04-08 16:39:15.968,0.00,1267.16,,,,,,,101,0-000,0xc1e9,,1.05,0.00,1.00,0.00,0.00,0.00,,,1,0,0,0,,,,,0,x-data;90000;,,,,,,1,P1201;;LR,nth2,01,,,,,
40,21_01_236_988741304,teams_fabio_audio+video+sharing+chat.pcapng,5895045245772416272,Teams,10,192.168.1.152,50040,79.41.244.168,52098,93.32.67.234,36963,79.41.244.168,52098,Data,2021-04-08 16:32:44.379,142.40,2021-04-08 16:39:16.813,2021-04-08 16:39:16.813,0.00,1267.16,,,,,,,101,0-000,0xc1f0,,0.76,0.00,1.00,0.00,0.00,0.00,,,1,0,0,0,,,,,0,x-data;90000;,,,,,,1,P1201;;LR,nth2,01,,,,,
41,21_01_236_988741304,Teams-2022-01-27-CONF-Fern-Pier-Tun0-nthlab02.pcapng,997712723747433656,Teams,0,52.113.114.40,3479,10.8.0.14,50007,52.113.114.40,3479,92.223.249.51,50007,Audio,2022-01-27 17:15:10.574,0.68,2022-01-27 17:15:14.985,2022-01-27 17:25:40.318,625.33,752.58,,,,,,,101,0-000,0x899,,35.60,9.85,45.40,10.64,2.42,0.00,,,24738,0,0,87,,,,,0,Satin;16000;60,,Audio FEC;;,,,,1,P1201;;LR,nth2,01,,,,,
42,21_01_236_988741304,Teams-2022-01-27-CONF-Fern-Pier-Tun0-nthlab02.pcapng,997712723747433656,Teams,1,10.8.0.14,50007,52.113.114.40,3479,92.223.249.51,50007,52.113.114.40,3479,Audio,2022-01-27 17:15:10.574,0.68,2022-01-27 17:15:16.811,2022-01-27 17:25:38.394,621.58,752.58,,,,,,,101,0-000,0x9e0c,,27.55,14.32,37.51,16.46,0.84,0.00,,,9257,0,0,67,,,,,0,Satin;16000;60,,Audio FEC;;,,,,1,P1201;;LR,nth2,01,,,,,
43,21_01_236_988741304,Teams-2022-01-27-CONF-Fern-Pier-Tun0-nthlab02.pcapng,997712723747433656,Teams,2,52.113.114.40,3480,10.8.0.14,50025,52.113.114.40,3480,92.223.249.51,50025,Video,2022-01-27 17:15:10.574,0.68,2022-01-27 17:15:58.652,2022-01-27 17:25:21.256,562.60,752.58,,,,,,,101,0-000,0x89a,0x89b,2082.29,233.17,24.24,3.14,146.80,0.92,1.84,0.00,155178,0,0,852,2484,0,0,2,0,H.264;90000;50,,H.264 FEC;90000;,H.264;90000;80,,H.264 FEC;90000;,1,P1201;;LR,nth2,01,,,,,
44,21_01_236_988741304,Teams-2022-01-27-CONF-Fern-Pier-Tun0-nthlab02.pcapng,997712723747433656,Teams,4,10.8.0.14,50025,52.113.114.40,3480,92.223.249.51,50025,52.113.114.40,3480,Video,2022-01-27 17:15:10.574,0.68,2022-01-27 17:25:21.140,2022-01-27 17:25:21.521,0.38,752.58,,,,,,,101,0-000,0x9e0d,0x9e0e,81.74,0.00,4.00,0.00,0.01,0.00,0.00,0.00,32,0,0,6,4,0,0,0,0,H.264;90000;130,,H.264 FEC;90000;,H.264;90000;130,,,1,P1201;;LR,nth2,01,,,,,
45,21_01_236_988741304,Teams-2022-01-27-CONF-Fern-Pier-Tun0-nthlab02.pcapng,997712723747433656,Teams,6,52.113.114.40,3480,10.8.0.14,50025,52.113.114.40,3480,92.223.249.51,50025,Video,2022-01-27 17:15:10.574,0.68,2022-01-27 17:25:21.323,2022-01-27 17:25:40.089,18.77,752.58,,,,,,,101,0-000,0x89c,,1782.29,389.35,23.60,4.98,4.46,0.00,,,4745,0,0,2,,,,,0,H.264;90000;40,,H.264 FEC;90000;,,,,1,P1201;;LR,nth2,01,,,,,
46,21_01_236_988741304,Teams-2022-01-27-CONF-Fern-Pier-Tun0-nthlab02.pcapng,997712723747433656,Teams,7,10.8.0.14,50025,52.113.114.40,3480,92.223.249.51,50025,52.113.114.40,3480,Video,2022-01-27 17:15:10.574,0.68,2022-01-27 17:25:23.290,2022-01-27 17:25:40.673,17.38,752.58,,,,,,,101,0-000,0x9e0f,0x9e10,1424.12,178.26,7.39,0.76,3.20,0.34,1.06,0.00,3879,0,0,359,1110,0,0,0,0,H.264;90000;140,,H.264 FEC;90000;,H.264;90000;130,,,1,P1201;;LR,nth2,01,,,,,
47,21_01_236_988741304,Teams-2022-01-27-CONF-Fern-Pier-Tun0-nthlab02.pcapng,2898963674222535627,Teams,0,10.8.0.18,50014,52.113.114.40,3479,92.223.249.51,50014,52.113.114.40,3479,Audio,2022-01-27 17:14:08.497,1.06,2022-01-27 17:14:20.588,2022-01-27 17:25:40.244,679.66,814.85,,,,,,,101,0-000,0x4c3a,,34.85,10.32,44.80,11.24,2.45,0.00,,,25277,2,0,97,,,,,0,Satin;16000;60,,Audio FEC;;,,,,1,P1201;;LR,nth2,01,,,,,
48,21_01_236_988741304,Teams-2022-01-27-CONF-Fern-Pier-Tun0-nthlab02.pcapng,2898963674222535627,Teams,1,52.113.114.40,3479,10.8.0.18,50014,52.113.114.40,3479,92.223.249.51,50014,Audio,2022-01-27 17:14:08.497,1.06,2022-01-27 17:15:11.567,2022-01-27 17:25:38.460,626.89,814.85,,,,,,,101,0-000,0x3e8,,27.67,14.43,37.49,16.56,0.85,0.00,,,9251,0,0,68,,,,,0,Satin;16000;60,,Audio FEC;;,,,,1,P1201;;LR,nth2,01,,,,,
49,21_01_236_988741304,Teams-2022-01-27-CONF-Fern-Pier-Tun0-nthlab02.pcapng,2898963674222535627,Teams,2,10.8.0.18,50021,52.113.114.40,3480,92.223.249.51,50021,52.113.114.40,3480,Video,2022-01-27 17:14:08.497,1.08,2022-01-27 17:15:58.609,2022-01-27 17:25:21.212,562.60,814.85,,,,,,,101,0-000,0x4c3b,0x4c3c,2082.29,233.40,24.24,3.16,146.80,0.92,1.84,0.00,155174,0,0,850,2480,0,0,0,0,H.264;90000;50,,H.264 FEC;90000;,H.264;90000;80,,,1,P1201;;LR,nth2,01,,,,,
50,21_01_236_988741304,Teams-2022-01-27-CONF-Fern-Pier-Tun0-nthlab02.pcapng,2898963674222535627,Teams,4,52.113.114.40,3480,10.8.0.18,50021,52.113.114.40,3480,92.223.249.51,50021,Video,2022-01-27 17:14:08.497,1.08,2022-01-27 17:25:21.192,2022-01-27 17:25:21.567,0.38,814.85,,,,,,,101,0-000,0x3e9,0x3ea,81.74,0.00,4.00,0.00,0.01,0.00,0.00,0.00,32,0,0,6,6,0,0,1,0,H.264;90000;120,,H.264 FEC;90000;,H.264;90000;100,,H.264 FEC;90000;,1,P1201;;LR,nth2,01,,,,,
51,21_01_236_988741304,Teams-2022-01-27-CONF-Fern-Pier-Tun0-nthlab02.pcapng,2898963674222535627,Teams,6,10.8.0.18,50021,52.113.114.40,3480,92.223.249.51,50021,52.113.114.40,3480,Video,2022-01-27 17:14:08.497,1.08,2022-01-27 17:25:21.262,2022-01-27 17:25:40.205,18.94,814.85,,,,,,,101,0-000,0x4c3d,,1796.61,342.40,23.75,4.36,4.49,0.00,,,4781,0,0,1,,,,,0,H.264;90000;40,,H.264 FEC;90000;,,,,1,P1201;;LR,nth2,01,,,,,
52,21_01_236_988741304,Teams-2022-01-27-CONF-Fern-Pier-Tun0-nthlab02.pcapng,2898963674222535627,Teams,7,52.113.114.40,3480,10.8.0.18,50021,52.113.114.40,3480,92.223.249.51,50021,Video,2022-01-27 17:14:08.497,1.08,2022-01-27 17:25:23.345,2022-01-27 17:25:40.720,17.38,814.85,,,,,,,101,0-000,0x3eb,0x3ec,1424.12,169.47,7.33,0.75,3.20,0.34,1.06,0.00,3879,0,0,359,1112,0,0,1,0,H.264;90000;130,,H.264 FEC;90000;,H.264;90000;130,,H.264 FEC;90000;,1,P1201;;LR,nth2,01,,,,,
53,21_01_236_988741304,teams_Pier_Fernando_20220128.pcapng,997780362290200016,Teams,0,10.8.0.14,50002,52.113.224.5,3479,92.223.249.51,50002,52.113.224.5,3479,Audio,2022-01-28 14:30:13.929,1.19,2022-01-28 14:30:18.629,2022-01-28 14:50:38.437,1219.81,2625.57,,,,,,,101,0-000,0x30bd,,35.49,10.28,45.77,10.58,3.99,0.00,,,41266,0,0,115,,,,,0,Satin;16000;60,,Audio FEC;;,,,,1,P1201;;LR,nth2,01,,,,,
54,21_01_236_988741304,teams_Pier_Fernando_20220128.pcapng,997780362290200016,Teams,1,52.113.224.5,3479,10.8.0.14,50002,52.113.224.5,3479,92.223.249.51,50002,Audio,2022-01-28 14:30:13.929,1.19,2022-01-28 14:31:19.608,2022-01-28 14:50:42.483,1162.88,2625.57,,,,,,,101,0-000,0x3e8,,28.14,14.36,38.48,14.10,2.82,0.01,,,31194,10,1813,332,,,,,0,Satin;16000;60,Redundancy;8000;120,Audio FEC;;,,,,1,P1201;;LR,nth2,01,,,,,
55,21_01_236_988741304,teams_Pier_Fernando_20220128.pcapng,997780362290200016,Teams,2,52.113.224.5,3480,10.8.0.14,50027,52.113.224.5,3480,92.223.249.51,50027,Video,2022-01-28 14:30:13.929,1.19,2022-01-28 14:31:23.344,2022-01-28 14:50:42.368,1159.02,2625.57,,,,,,,101,0-000,0x3eb,0x3ec,691.60,292.76,20.75,8.85,93.80,7.51,10.10,0.00,139909,32,0,8489,13645,4,0,17,0,H.264;90000;50,,H.264 FEC;90000;,H.264;90000;70,,H.264 FEC;90000;,1,P1201;;LR,nth2,01,,,,,
56,21_01_236_988741304,teams_Pier_Fernando_20220128.pcapng,997780362290200016,Teams,4,10.8.0.14,50027,52.113.224.5,3480,92.223.249.51,50027,52.113.224.5,3480,Video,2022-01-28 14:30:13.929,1.19,2022-01-28 14:32:09.092,2022-01-28 14:50:42.778,1113.69,2625.57,,,,,,,101,0-000,0x30be,0x30bf,716.34,93.97,21.25,7.91,99.75,1.02,2.57,0.00,128346,0,0,1781,3773,0,0,0,0,H.264;90000;80,,H.264 FEC;90000;,H.264;90000;90,,,1,P1201;;LR,nth2,01,,,,,
57,21_01_236_988741304,teams_Pier_Fernando_20220128.pcapng,997780362290200016,Teams,6,52.113.224.5,3480,10.8.0.14,50027,52.113.224.5,3480,92.223.249.51,50027,Video,2022-01-28 14:30:13.929,1.19,2022-01-28 14:44:18.847,2022-01-28 14:47:15.731,176.88,2625.57,,,,,,,101,0-000,0x3e9,0x3ea,35.77,30.10,6.12,5.21,0.29,0.13,0.08,0.00,1334,0,0,390,290,0,0,10,0,H.264;90000;180,,H.264 FEC;90000;,H.264;90000;180,,H.264 FEC;90000;,1,P1201;;LR,nth2,01,,,,,
58,21_01_236_988741304,teams_Pier_Fernando_20220128.pcapng,997780362290200016,Teams,8,10.8.0.14,50008,52.113.37.13,3480,92.223.249.51,50008,52.113.37.13,3480,Audio,2022-01-28 14:30:13.929,1228.29,2022-01-28 14:50:42.865,2022-01-28 15:11:50.806,1267.94,2625.57,,,,,,,101,0-000,0x35d2,,31.02,11.94,43.19,12.98,3.54,0.00,,,39546,0,0,160,,,,,0,Satin;16000;60,,Audio FEC;;,,,,1,P1201;;LR,nth2,01,,,,,
59,21_01_236_988741304,teams_Pier_Fernando_20220128.pcapng,997780362290200016,Teams,9,52.113.37.13,3480,10.8.0.14,50008,52.113.37.13,3480,92.223.249.51,50008,Audio,2022-01-28 14:30:13.929,1228.29,2022-01-28 14:50:43.630,2022-01-28 15:11:50.199,1266.57,2625.57,,,,,,,101,0-000,0x3e8,,34.80,12.53,43.44,12.44,3.53,0.00,,,35384,8,1890,158,,,,,0,Satin;16000;60,Redundancy;8000;120,Audio FEC;;,,,,1,P1201;;LR,nth2,01,,,,,
60,21_01_236_988741304,teams_Pier_Fernando_20220128.pcapng,997780362290200016,Teams,10,10.8.0.14,50035,52.113.37.13,3480,92.223.249.51,50035,52.113.37.13,3480,Video,2022-01-28 14:30:13.929,1228.30,2022-01-28 14:50:45.149,2022-01-28 15:11:51.050,1265.90,2625.57,,,,,,,101,0-000,0x35d3,0x35d4,183.26,29.53,14.80,1.29,7.63,0.01,0.00,0.00,12268,0,0,71,15,0,0,0,0,H.264;90000;70,,H.264 FEC;90000;,H.264;90000;130,,,1,P1201;;LR,nth2,01,,,,,
61,21_01_236_988741304,teams_Pier_Fernando_20220128.pcapng,997780362290200016,Teams,12,52.113.37.13,3480,10.8.0.14,50035,52.113.37.13,3480,92.223.249.51,50035,Video,2022-01-28 14:30:13.929,1228.30,2022-01-28 14:50:45.726,2022-01-28 15:11:50.519,1264.79,2625.57,,,,,,,101,0-000,0x3eb,0x3ec,786.57,179.54,25.94,6.72,124.48,5.28,10.57,0.00,183445,39,0,5847,14816,0,0,2,0,H.264;90000;50,,H.264 FEC;90000;,H.264;90000;70,,H.264 FEC;90000;,1,P1201;;LR,nth2,01,,,,,
62,21_01_236_988741304,teams_Pier_Fernando_20220128.pcapng,997780362290200016,Teams,14,10.8.0.14,50035,52.113.37.13,3480,92.223.249.51,50035,52.113.37.13,3480,Video,2022-01-28 14:30:13.929,1228.30,2022-01-28 14:50:46.970,2022-01-28 15:06:21.102,934.13,2625.57,,,,,,,101,0-000,0x35d5,0x35d6,703.41,96.70,25.06,6.92,82.23,0.84,2.15,0.00,114364,0,0,1736,3574,0,0,0,0,H.264;90000;70,,H.264 FEC;90000;,H.264;90000;70,,,1,P1201;;LR,nth2,01,,,,,
63,21_01_236_988741304,teams_Pier_Fernando_20220128.pcapng,997780362290200016,Teams,16,10.8.0.14,50049,52.113.37.13,3481,92.223.249.51,50049,52.113.37.13,3481,Sharing,2022-01-28 14:30:13.929,1228.31,2022-01-28 15:06:22.963,2022-01-28 15:11:50.956,327.99,2625.57,,,,,,,101,0-000,0x39bb,0x39bc,243.70,169.77,3.18,0.95,10.01,0.30,2.11,0.00,11233,3,0,403,2075,0,0,0,0,H.264;90000;310,,H.264 FEC;90000;,H.264;90000;540,,,1,P1201;;LR,nth2,01,,,,,
64,21_01_236_988741304,teams_Pier_Fernando_20220128.pcapng,997780362290200016,Teams,18,52.113.37.13,3480,10.8.0.14,50041,52.113.37.13,3480,92.223.249.51,50041,Data,2022-01-28 14:30:13.929,1228.32,2022-01-28 15:06:23.592,2022-01-28 15:06:23.592,0.00,2625.57,,,,,,,101,0-000,0x96a,,0.54,0.00,1.00,0.00,0.00,0.00,,,1,0,0,0,,,,,0,x-data;90000;,,,,,,1,P1201;;LR,nth2,01,,,,,
65,21_01_236_988741304,Teams-2021-08-09-Riunione-Gigamon-Nokia-NoVideo.pcapng,4149760786858285480,Teams,0,52.112.250.166,3480,192.168.100.25,50019,,,92.223.249.51,50019,Audio,2021-09-08 15:32:50.468,0.27,2021-09-08 15:32:50.736,2021-09-08 15:53:04.905,1214.17,1335.20,,,,,,,101,0-000,0x1b5d,,36.91,8.33,46.77,8.57,5.23,0.00,,,53210,1,0,169,,,,,0,Satin;16000;60,,Audio FEC;;,,,,1,P1201;;LR,nth2,01,,,,,
66,21_01_236_988741304,Teams-2021-08-09-Riunione-Gigamon-Nokia-NoVideo.pcapng,4149760786858285480,Teams,1,192.168.100.25,50019,52.112.250.166,3480,92.223.249.51,50019,,,Audio,2021-09-08 15:32:50.468,0.27,2021-09-08 15:32:51.317,2021-09-08 15:53:04.089,1212.77,1335.20,,,,,,,101,0-000,0xa746,,25.85,13.17,37.50,15.85,0.47,0.00,,,5519,0,0,44,,,,,0,Satin;16000;60,,Audio FEC;;,,,,1,P1201;;LR,nth2,01,,,,,
67,21_01_236_988741304,Teams-2021-08-09-Riunione-Gigamon-Nokia-NoVideo.pcapng,4149760786858285480,Teams,2,52.112.250.166,3481,192.168.100.25,50045,,,92.223.249.51,50045,Video,2021-09-08 15:32:50.468,0.01,2021-09-08 15:34:11.289,2021-09-08 15:53:04.078,1132.79,1335.20,,,,,,,101,0-000,0x1f48,0x1f4a,310.23,450.44,7.45,0.96,38.27,20.80,0.12,0.02,69307,0,0,22219,127,0,0,17,0,H.264;90000;140,,H.264 FEC;90000;,H.264;90000;,,H.264 FEC;90000;,1,P1201;;LR,nth2,01,,,,,
68,21_01_236_988741304,Teams-2021-08-09-Riunione-Gigamon-Nokia-NoVideo.pcapng,4149760786858285480,Teams,3,192.168.100.25,50057,52.112.250.166,3480,92.223.249.51,50057,,,Data,2021-09-08 15:32:50.468,0.98,2021-09-08 15:34:11.302,2021-09-08 15:34:11.302,0.00,1335.20,,,,,,,101,0-000,0xab94,,1.10,0.00,1.00,0.00,0.00,0.00,,,1,0,0,0,,,,,0,x-data;90000;,,,,,,1,P1201;;LR,nth2,01,,,,,
69,21_01_236_988741304,Teams-2021-08-09-Riunione-Gigamon-Nokia-NoVideo.pcapng,4149760786858285480,Teams,4,52.112.250.166,3480,192.168.100.25,50057,,,92.223.249.51,50057,Data,2021-09-08 15:32:50.468,0.98,2021-09-08 15:34:11.915,2021-09-08 15:34:11.915,0.00,1335.20,,,,,,,101,0-000,0x1fab,,1.16,0.00,1.00,0.00,0.00,0.00,,,1,0,0,0,,,,,0,x-data;90000;,,,,,,1,P1201;;LR,nth2,01,,,,,
70,21_01_236_988741304,Teams-2021-08-09-Riunione-Gigamon-Nokia-NoVideo.pcapng,4149760786858285480,Teams,5,52.112.250.166,3481,192.168.100.25,50045,,,92.223.249.51,50045,Video,2021-09-08 15:32:50.468,0.01,2021-09-08 15:34:12.064,2021-09-08 15:49:15.073,903.01,1335.20,,,,,,,101,0-000,0x1f46,0x1f47,470.46,466.66,7.02,2.20,9.35,4.57,0.92,0.00,14677,0,0,4609,1011,0,0,2,0,H.264;90000;140,,H.264 FEC;90000;,H.264;90000;170,,H.264 FEC;90000;,1,P1201;;LR,nth2,01,,,,,
71,21_01_236_988741304,Teams-2021-08-09-Riunione-Gigamon-Nokia-NoVideo.pcapng,4149760786858285480,Teams,8,52.112.250.166,3481,192.168.100.25,50045,,,92.223.249.51,50045,Video,2021-09-08 15:32:50.468,0.01,2021-09-08 15:34:15.199,2021-09-08 15:34:15.199,0.00,1335.20,,,,,,,101,0-000,0x1f4b,,15.46,0.00,1.00,0.00,0.00,0.00,,,3,0,0,0,,,,,0,H.264;90000;,,,,,,1,P1201;;LR,nth2,01,,,,,
72,21_01_236_988741304,Teams-2021-08-09-Riunione-interna-NTH-4-persone.pcapng,4149732879396729680,Teams,0,52.115.137.87,3479,192.168.100.25,50001,52.115.137.87,3479,92.223.249.51,50001,Audio,2021-09-08 13:31:18.850,0.74,2021-09-08 13:31:24.695,2021-09-08 14:47:37.048,4572.35,4698.83,,,,,,,101,0-000,0x899,,36.06,9.12,46.10,9.68,18.92,0.01,,,194106,26,0,634,,,,,0,Satin;16000;60,,Audio FEC;;,,,,1,P1201;;LR,nth2,01,,,,,
73,21_01_236_988741304,Teams-2021-08-09-Riunione-interna-NTH-4-persone.pcapng,4149732879396729680,Teams,1,192.168.100.25,50001,52.115.137.87,3479,92.223.249.51,50001,52.115.137.87,3479,Audio,2021-09-08 13:31:18.850,0.74,2021-09-08 13:31:30.150,2021-09-08 14:47:31.955,4561.81,4698.83,,,,,,,101,0-000,0x9d1b,,26.76,13.80,37.12,16.20,4.00,0.00,,,44712,0,0,356,,,,,0,Satin;16000;60,,Audio FEC;;,,,,1,P1201;;LR,nth2,01,,,,,
74,21_01_236_988741304,Teams-2021-08-09-Riunione-interna-NTH-4-persone.pcapng,4149732879396729680,Teams,2,52.115.137.87,3481,192.168.100.25,50049,52.115.137.87,3481,92.223.249.51,50049,Sharing,2021-09-08 13:31:18.850,0.72,2021-09-08 13:31:35.167,2021-09-08 14:47:35.898,4560.73,4698.83,,,,,,,101,0-000,0xc82,0xc83,208.12,421.96,4.35,3.47,117.06,24.49,33.31,0.00,192793,19,0,28908,39075,9,0,15,0,H.264;90000;400,,H.264 FEC;90000;,H.264;90000;320,,H.264 FEC;90000;,1,P1201;;LR,nth2,01,,,,,
75,21_01_236_988741304,Teams-2021-08-09-Riunione-interna-NTH-4-persone.pcapng,4149732879396729680,Teams,3,192.168.100.25,50059,52.115.137.87,3481,92.223.249.51,41860,52.115.137.87,3481,Data,2021-09-08 13:31:18.850,0.70,2021-09-08 13:31:35.210,2021-09-08 13:51:41.121,1205.91,4698.83,,,,,,,101,0-000,0xa169,,1.10,0.00,1.00,0.00,0.00,0.00,,,3,0,0,0,,,,,0,x-data;90000;,,,,,,1,P1201;;LR,nth2,01,,,,,
76,21_01_236_988741304,Teams-2021-08-09-Riunione-interna-NTH-4-persone.pcapng,4149732879396729680,Teams,5,52.115.137.87,3481,192.168.100.25,50049,52.115.137.87,3481,92.223.249.51,50049,Sharing,2021-09-08 13:31:18.850,0.72,2021-09-08 13:31:35.637,2021-09-08 13:31:37.605,1.97,4698.83,,,,,,,101,0-000,0xc84,0xc85,882.15,256.66,3.33,0.94,0.33,0.04,0.01,0.00,378,0,0,45,11,0,0,0,0,H.264;90000;260,,H.264 FEC;90000;,H.264;90000;250,,,1,P1201;;LR,nth2,01,,,,,
77,21_01_236_988741304,Teams-2021-08-09-Riunione-interna-NTH-4-persone.pcapng,4149732879396729680,Teams,6,52.115.137.87,3481,192.168.100.25,50059,52.115.137.87,3481,92.223.249.51,41860,Data,2021-09-08 13:31:18.850,0.70,2021-09-08 13:31:35.821,2021-09-08 13:51:41.281,1205.46,4698.83,,,,,,,101,0-000,0xce7,,1.15,0.00,1.00,0.00,0.00,0.00,,,3,0,0,0,,,,,0,x-data;90000;,,,,,,1,P1201;;LR,nth2,01,,,,,
78,21_01_236_988741304,Teams-2022-01-13-ChiamataCesarellaConTassoErrore.pcapng,4178759115954845624,Teams,0,192.168.100.25,50013,52.115.139.155,3479,92.223.249.51,50013,52.115.139.155,3479,Audio,2022-01-13 17:29:37.887,0.84,2022-01-13 17:29:40.200,2022-01-13 17:36:05.875,385.68,511.91,,,,,,,101,0-000,0x64c0,,50.28,32.26,37.92,15.23,2.09,0.00,,,12639,1872,5339,50,,,,,0,Satin;16000;60,Redundancy;8000;160,Audio FEC;;,,,,1,P1201;;LR,nth2,01,,,,,
79,21_01_236_988741304,Teams-2022-01-13-ChiamataCesarellaConTassoErrore.pcapng,4178759115954845624,Teams,1,52.115.139.155,3479,192.168.100.25,50013,52.115.139.155,3479,92.223.249.51,50013,Audio,2022-01-13 17:29:37.887,0.84,2022-01-13 17:29:51.855,2022-01-13 17:36:06.681,374.83,511.91,,,,,,,101,0-000,0x3e8,,28.84,12.40,39.78,14.94,0.93,0.00,,,10330,0,0,67,,,,,0,Satin;16000;60,,Audio FEC;;,,,,1,P1201;;LR,nth2,01,,,,,
80,21_01_236_988741304,Teams-2022-01-13-ChiamataCesarellaConTassoErrore.pcapng,4178759115954845624,Teams,2,52.115.139.155,3480,192.168.100.25,50024,52.115.139.155,3480,92.223.249.51,50024,Video,2022-01-13 17:29:37.887,0.87,2022-01-13 17:30:12.232,2022-01-13 17:30:12.831,0.60,511.91,,,,,,,101,0-000,0x3e9,0x3ea,6.55,0.00,5.00,0.00,0.00,0.00,0.00,0.00,23,0,0,6,6,0,0,1,0,H.264;90000;150,,H.264 FEC;90000;,H.264;90000;130,,H.264 FEC;90000;,1,P1201;;LR,nth2,01,,,,,
81,21_01_236_988741304,Teams-2022-01-13-ChiamataCesarellaConTassoErrore.pcapng,4178759115954845624,Teams,4,52.115.139.155,3480,192.168.100.25,50024,52.115.139.155,3480,92.223.249.51,50024,Video,2022-01-13 17:29:37.887,0.87,2022-01-13 17:30:12.982,2022-01-13 17:36:06.912,353.93,511.91,,,,,,,101,0-000,0x3eb,0x3ec,2047.87,397.21,7.95,1.28,90.87,0.39,1.41,0.00,86442,0,0,385,1457,0,0,1,0,H.264;90000;130,,H.264 FEC;90000;,H.264;90000;250,,H.264 FEC;90000;,1,P1201;;LR,nth2,01,,,,,
82,21_01_236_988741304,Teams-2022-01-13-ChiamataCesarellaConTassoErrore.pcapng,4178759115954845624,Teams,5,192.168.100.25,50024,52.115.139.155,3480,92.223.249.51,50024,52.115.139.155,3480,Video,2022-01-13 17:29:37.887,0.87,2022-01-13 17:30:12.995,2022-01-13 17:30:13.982,0.99,511.91,,,,,,,101,0-000,0x64c1,0x64c2,193.78,146.46,5.50,4.50,0.05,0.01,0.02,0.00,97,0,0,12,23,0,0,0,0,H.264;90000;100,,H.264 FEC;90000;,H.264;90000;100,,,1,P1201;;LR,nth2,01,,,,,
83,21_01_236_988741304,Teams-2022-01-13-ChiamataCesarellaConTassoErrore.pcapng,4178759115954845624,Teams,8,192.168.100.25,50024,52.115.139.155,3480,92.223.249.51,50024,52.115.139.155,3480,Video,2022-01-13 17:29:37.887,0.87,2022-01-13 17:30:14.030,2022-01-13 17:36:06.995,352.96,511.91,,,,,,,101,0-000,0x64c3,0x64c4,1080.01,405.59,12.73,1.86,47.66,19.67,12.38,0.00,71989,10181,0,18278,15850,1725,0,0,0,H.264;90000;70,,H.264 FEC;90000;,H.264;90000;90,,,1,P1201;;LR,nth2,01,,,,,
84,21_01_236_988741304,Teams-2022-01-21-Rilascio-Cesa-Pier.pcapng,4177190011090906512,Teams,0,192.168.100.25,50012,52.115.138.135,3479,92.223.249.51,50012,,,Audio,2022-01-21 17:01:16.065,0.72,2022-01-21 17:01:16.795,2022-01-21 17:55:06.016,3229.22,3356.22,,,,,,,101,0-000,0x654e,,32.01,12.34,42.05,13.69,4.75,0.00,,,50103,0,0,235,,,,,0,Satin;16000;60,,Audio FEC;;,,,,1,P1201;;LR,nth2,01,,,,,
85,21_01_236_988741304,Teams-2022-01-21-Rilascio-Cesa-Pier.pcapng,4177190011090906512,Teams,1,52.115.138.135,3479,192.168.100.25,50012,,,92.223.249.51,50012,Audio,2022-01-21 17:01:16.065,0.72,2022-01-21 17:01:16.799,2022-01-21 17:55:06.968,3230.17,3356.22,,,,,,,101,0-000,0x899,,36.73,8.79,46.76,9.12,12.79,0.01,,,130546,2,0,315,,,,,0,Satin;16000;60,,Audio FEC;;,,,,1,P1201;;LR,nth2,01,,,,,
86,21_01_236_988741304,Teams-2022-01-21-Rilascio-Cesa-Pier.pcapng,4177190011090906512,Teams,2,52.115.138.135,3481,192.168.100.25,50054,,,92.223.249.51,50054,Video,2022-01-21 17:01:16.065,0.77,2022-01-21 17:03:32.873,2022-01-21 17:32:05.082,1712.21,3356.22,,,,,,,101,0-000,0xc82,0xc83,16.71,62.44,1.95,0.66,3.56,0.13,0.41,0.00,7303,0,0,581,500,0,0,4,0,H.264;90000;490,,H.264 FEC;90000;,H.264;90000;890,,H.264 FEC;90000;,1,P1201;;LR,nth2,01,,,,,
87,21_01_236_988741304,Teams-2022-01-21-Rilascio-Cesa-Pier.pcapng,4177190011090906512,Teams,3,192.168.100.25,50056,52.115.138.135,3481,92.223.249.51,50056,,,Data,2022-01-21 17:01:16.065,0.78,2022-01-21 17:03:32.888,2022-01-21 17:03:32.888,0.00,3356.22,,,,,,,101,0-000,0x6a00,,1.14,0.00,1.00,0.00,0.00,0.00,,,1,0,0,0,,,,,0,x-data;90000;,,,,,,1,P1201;;LR,nth2,01,,,,,
88,21_01_236_988741304,Teams-2022-01-21-Rilascio-Cesa-Pier.pcapng,4177190011090906512,Teams,5,52.115.138.135,3481,192.168.100.25,50056,,,92.223.249.51,50056,Data,2022-01-21 17:01:16.065,0.78,2022-01-21 17:03:33.293,2022-01-21 17:03:33.293,0.00,3356.22,,,,,,,101,0-000,0xce7,,1.14,0.00,1.00,0.00,0.00,0.00,,,1,0,0,0,,,,,0,x-data;90000;,,,,,,1,P1201;;LR,nth2,01,,,,,
89,21_01_236_988741304,Teams-2022-01-21-Rilascio-Cesa-Pier.pcapng,4177190011090906512,Teams,6,52.115.138.135,3481,192.168.100.25,50054,,,92.223.249.51,50054,Video,2022-01-21 17:01:16.065,0.77,2022-01-21 17:32:04.022,2022-01-21 17:55:09.068,1385.05,3356.22,,,,,,,101,0-000,0xc84,0xc85,82.21,252.54,2.16,0.92,14.18,1.36,2.74,0.00,18381,0,0,1591,2895,0,0,4,0,H.264;90000;420,,H.264 FEC;90000;,H.264;90000;710,,H.264 FEC;90000;,1,P1201;;LR,nth2,01,,,,,
90,21_01_236_988741304,Teams-2022-01-25-Fernando-Pier-Call.pcapng,4177512945206355576,Teams,0,5.170.216.11,31672,192.168.100.25,50002,5.170.216.11,31672,92.223.249.51,50002,Audio,2022-01-25 14:33:42.795,1.52,2022-01-25 14:33:50.596,2022-01-25 14:52:34.969,1124.37,1252.44,,,,,,,101,0-000,0x7d8d,,32.59,11.04,49.97,0.95,4.58,0.00,,,56218,1,0,0,,,,,0,Satin;16000;60,,,,,,1,P1201;;LR,nth2,01,,,,,
91,21_01_236_988741304,Teams-2022-01-25-Fernando-Pier-Call.pcapng,4177512945206355576,Teams,1,192.168.100.25,50002,5.170.216.11,31672,92.223.249.51,50002,5.170.216.11,31672,Audio,2022-01-25 14:33:42.795,1.52,2022-01-25 14:33:50.812,2022-01-25 14:52:34.057,1123.24,1252.44,,,,,,,101,0-000,0x4ee7,,30.91,8.05,49.93,1.79,4.35,0.00,,,56167,0,0,0,,,,,0,Satin;16000;60,,,,,,1,P1201;;LR,nth2,01,,,,,
92,21_01_236_988741304,Teams-2022-01-25-Fernando-Pier-Call.pcapng,4177512945206355576,Teams,2,5.170.216.11,31291,192.168.100.25,50056,5.170.216.11,31291,92.223.249.51,50056,Sharing,2022-01-25 14:33:42.795,61.92,2022-01-25 14:34:47.264,2022-01-25 14:52:14.852,1047.59,1252.44,,,,,,,101,0-000,0x7df2,,247.88,555.03,6.49,5.09,32.47,0.52,,,31629,0,0,516,,,,,0,H.264;90000;110,,H.264 FEC;90000;,,,,1,P1201;;LR,nth2,01,,,,,
93,21_01_236_988741304,Teams-2022-01-25-Fernando-Pier-Call.pcapng,4177512945206355576,Teams,3,192.168.100.25,50041,5.170.216.11,32186,92.223.249.51,50041,5.170.216.11,32186,Data,2022-01-25 14:33:42.795,63.51,2022-01-25 14:34:47.306,2022-01-25 14:34:47.306,0.00,1252.44,,,,,,,101,0-000,0x4fb1,,1.14,0.00,1.00,0.00,0.00,0.00,,,1,0,0,0,,,,,0,x-data;90000;,,,,,,1,P1201;;LR,nth2,01,,,,,
94,21_01_236_988741304,Teams-2022-01-25-Fernando-Pier-Call.pcapng,4177512945206355576,Teams,4,5.170.216.11,32186,192.168.100.25,50041,5.170.216.11,32186,92.223.249.51,50041,Data,2022-01-25 14:33:42.795,63.51,2022-01-25 14:34:47.499,2022-01-25 14:34:47.499,0.00,1252.44,,,,,,,101,0-000,0x7e57,,1.14,0.00,1.00,0.00,0.00,0.00,,,1,0,0,0,,,,,0,x-data;90000;,,,,,,1,P1201;;LR,nth2,01,,,,,
95,21_01_236_988741304,Teams-2022-01-25-Fernando-Pier-Call.pcapng,4177512945206355576,Teams,5,5.170.216.11,32186,192.168.100.25,50041,5.170.216.11,32186,92.223.249.51,50041,,2022-01-25 14:33:42.795,63.51,2022-01-25 14:34:47.512,2022-01-25 14:34:47.512,0.00,1252.44,,,,,,,101,0-000,0x7e89,,0.00,0.00,1.00,0.00,0.00,0.00,,,0,0,0,0,,,,,0,,,,,,,1,P1201;;LR,nth2,01,,,,,
96,21_01_236_988741304,Teams-2022-01-25-Fernando-Pier-Call.pcapng,4177512945206355576,Teams,6,192.168.100.25,50041,5.170.216.11,32186,92.223.249.51,50041,5.170.216.11,32186,Data,2022-01-25 14:33:42.795,63.51,2022-01-25 14:34:47.948,2022-01-25 14:34:47.948,0.00,1252.44,,,,,,,101,0-000,0x4fb8,,0.86,0.00,1.00,0.00,0.00,0.00,,,1,0,0,0,,,,,0,x-data;90000;,,,,,,1,P1201;;LR,nth2,01,,,,,
97,21_01_236_988741304,Teams-2022-01-28-CONF-Fern-Pier-Tun0-nthlab02-FerMobile-PierPC.,2899027671404523503,Teams,0,10.8.0.18,50007,52.113.224.5,3479,92.223.249.51,50007,52.113.224.5,3479,Audio,2022-01-28 14:30:55.703,23.66,2022-01-28 14:31:19.806,2022-01-28 14:44:04.210,764.40,2577.16,,,,,,,101,0-000,0x1d41,,24.00,12.64,35.10,14.57,1.57,0.00,,,18687,0,0,258,,,,,0,Satin;16000;60,,Audio FEC;;,,,,1,P1201;;LR,nth2,01,,,,,
98,21_01_236_988741304,Teams-2022-01-28-CONF-Fern-Pier-Tun0-nthlab02-FerMobile-PierPC.,2899027671404523503,Teams,1,10.8.0.18,46882,52.113.224.5,3480,92.223.249.51,46882,52.113.224.5,3480,Video,2022-01-28 14:30:55.703,23.66,2022-01-28 14:31:23.080,2022-01-28 14:50:42.423,1159.34,2577.16,,,,,,,101,0-000,0x1d44,0x1d45,692.42,289.41,20.79,8.80,93.83,7.51,10.10,0.00,139912,65,0,8479,13615,0,0,0,0,H.264;90000;50,,H.264 FEC;90000;,H.264;90000;70,,,1,P1201;;LR,nth2,01,,,,,
99,21_01_236_988741304,Teams-2022-01-28-CONF-Fern-Pier-Tun0-nthlab02-FerMobile-PierPC.,2899027671404523503,Teams,3,52.113.224.5,3479,10.8.0.18,50007,52.113.224.5,3479,92.223.249.51,50007,Audio,2022-01-28 14:30:55.703,23.66,2022-01-28 14:31:25.725,2022-01-28 14:44:25.678,779.95,2577.16,,,,,,,101,0-000,0x899,,37.43,8.32,47.33,8.28,3.21,0.00,,,32541,0,0,70,,,,,0,Satin;16000;60,,Audio FEC;;,,,,1,P1201;;LR,nth2,01,,,,,
100,21_01_236_988741304,Teams-2022-01-28-CONF-Fern-Pier-Tun0-nthlab02-FerMobile-PierPC.,2899027671404523503,Teams,4,52.113.224.5,3480,10.8.0.18,46882,52.113.224.5,3480,92.223.249.51,46882,Video,2022-01-28 14:30:55.703,23.66,2022-01-28 14:32:09.290,2022-01-28 14:50:42.348,1113.06,2577.16,,,,,,,101,0-000,0x89a,0x89b,715.92,97.30,21.24,7.95,99.69,1.02,2.57,0.00,128282,0,0,1783,3777,0,0,2,0,H.264;90000;80,,H.264 FEC;90000;,H.264;90000;90,,H.264 FEC;90000;,1,P1201;;LR,nth2,01,,,,,
101,21_01_236_988741304,Teams-2022-01-28-CONF-Fern-Pier-Tun0-nthlab02-FerMobile-PierPC.,2899027671404523503,Teams,6,10.8.0.18,46882,52.113.224.5,3480,92.223.249.51,46882,52.113.224.5,3480,Video,2022-01-28 14:30:55.703,23.66,2022-01-28 14:44:18.061,2022-01-28 14:47:15.684,177.62,2577.16,,,,,,,101,0-000,0x1d42,0x1d43,37.32,30.02,6.41,5.15,0.29,0.13,0.08,0.00,1326,0,0,388,270,0,0,0,0,H.264;90000;140,,H.264 FEC;90000;,H.264;90000;160,,,1,P1201;;LR,nth2,01,,,,,
102,21_01_236_988741304,Teams-2022-01-28-CONF-Fern-Pier-Tun0-nthlab02-FerMobile-PierPC.,2899027671404523503,Teams,8,52.113.224.5,3479,10.8.0.18,50000,52.113.224.5,3479,92.223.249.51,50000,Audio,2022-01-28 14:30:55.703,809.64,2022-01-28 14:44:25.697,2022-01-28 14:50:38.566,372.87,2577.16,,,,,,,101,0-000,0x899,,47.60,38.81,40.07,14.26,0.98,0.00,,,6616,0,2161,46,,,,,0,Satin;16000;60,Redundancy;8000;120,Audio FEC;;,,,,1,P1201;;LR,nth2,01,,,,,
103,21_01_236_988741304,Teams-2022-01-28-CONF-Fern-Pier-Tun0-nthlab02-FerMobile-PierPC.,2899027671404523503,Teams,9,10.8.0.18,50000,52.113.224.5,3479,92.223.249.51,50000,52.113.224.5,3479,Audio,2022-01-28 14:30:55.703,809.64,2022-01-28 14:45:03.406,2022-01-28 14:50:42.920,339.51,2577.16,,,,,,,101,0-000,0x1d41,,36.35,14.83,42.63,15.99,1.08,0.00,,,10130,592,286,26,,,,,0,Satin;16000;110,Redundancy;8000;570,Audio FEC;;,,,,1,P1201;;LR,nth2,01,,,,,
104,21_01_236_988741304,Teams-2022-01-28-CONF-Fern-Pier-Tun0-nthlab02-FerMobile-PierPC.,2899027671404523503,Teams,10,10.8.0.18,50001,52.113.224.5,3479,92.223.249.51,50001,52.113.224.5,3479,Audio,2022-01-28 14:30:55.703,867.75,2022-01-28 14:45:23.592,2022-01-28 14:46:27.277,63.69,2577.16,,,,,,,101,0-000,0x1d41,,20.40,19.77,13.95,14.89,0.10,0.00,,,590,0,182,18,,,,,0,Satin;16000;190,Redundancy;8000;570,Audio FEC;;,,,,1,P1201;;LR,nth2,01,,,,,
105,21_01_236_988741304,Teams-2022-01-28-CONF-Fern-Pier-Tun0-nthlab02-FerMobile-PierPC.,2899027671404523503,Teams,11,52.113.224.5,3479,10.8.0.18,50001,52.113.224.5,3479,92.223.249.51,50001,Audio,2022-01-28 14:30:55.703,867.75,2022-01-28 14:45:25.484,2022-01-28 14:46:24.766,59.28,2577.16,,,,,,,101,0-000,0x899,,32.54,10.04,44.11,10.36,0.19,0.00,,,2041,0,0,12,,,,,0,Satin;16000;60,,Audio FEC;;,,,,1,P1201;;LR,nth2,01,,,,,
106,21_01_236_988741304,Teams-2022-01-28-CONF-Fern-Pier-Tun0-nthlab02-FerMobile-PierPC.,2899027671404523503,Teams,12,10.8.0.18,50001,52.113.37.13,3480,92.223.249.51,50001,52.113.37.13,3480,Audio,2022-01-28 14:30:55.703,1186.62,2022-01-28 14:50:43.504,2022-01-28 15:11:50.110,1266.61,2577.16,,,,,,,101,0-000,0x2256,,32.16,11.14,43.14,13.00,3.28,0.00,,,35402,0,0,159,,,,,0,Satin;16000;60,,Audio FEC;;,,,,1,P1201;;LR,nth2,01,,,,,
107,21_01_236_988741304,Teams-2022-01-28-CONF-Fern-Pier-Tun0-nthlab02-FerMobile-PierPC.,2899027671404523503,Teams,13,52.113.37.13,3480,10.8.0.18,32849,52.113.37.13,3480,92.223.249.51,32849,Video,2022-01-28 14:30:55.703,1186.65,2022-01-28 14:50:45.259,2022-01-28 15:11:50.952,1265.69,2577.16,,,,,,,101,0-000,0x89a,0x89b,185.48,28.18,14.83,1.16,7.70,0.01,0.00,0.00,12265,0,0,72,17,0,0,1,0,H.264;90000;70,,H.264 FEC;90000;,H.264;90000;130,,H.264 FEC;90000;,1,P1201;;LR,nth2,01,,,,,
108,21_01_236_988741304,Teams-2022-01-28-CONF-Fern-Pier-Tun0-nthlab02-FerMobile-PierPC.,2899027671404523503,Teams,15,10.8.0.18,32849,52.113.37.13,3480,92.223.249.51,32849,52.113.37.13,3480,Video,2022-01-28 14:30:55.703,1186.65,2022-01-28 14:50:45.526,2022-01-28 15:11:50.480,1264.95,2577.16,,,,,,,101,0-000,0x2259,0x225a,780.00,175.91,25.97,6.67,123.44,5.25,10.48,0.00,183472,0,0,5841,14812,0,0,0,0,H.264;90000;50,,H.264 FEC;90000;,H.264;90000;70,,,1,P1201;;LR,nth2,01,,,,,
109,21_01_236_988741304,Teams-2022-01-28-CONF-Fern-Pier-Tun0-nthlab02-FerMobile-PierPC.,2899027671404523503,Teams,17,52.113.37.13,3480,10.8.0.18,32849,52.113.37.13,3480,92.223.249.51,32849,Video,2022-01-28 14:30:55.703,1186.65,2022-01-28 14:50:47.331,2022-01-28 15:06:21.200,933.87,2577.16,,,,,,,101,0-000,0x89c,0x89d,709.35,99.63,25.06,6.99,82.91,0.85,2.17,0.00,114366,0,0,1737,3576,0,0,1,0,H.264;90000;70,,H.264 FEC;90000;,H.264;90000;70,,H.264 FEC;90000;,1,P1201;;LR,nth2,01,,,,,
110,21_01_236_988741304,Teams-2022-01-28-CONF-Fern-Pier-Tun0-nthlab02-FerMobile-PierPC.,2899027671404523503,Teams,19,52.113.37.13,3480,10.8.0.18,50001,52.113.37.13,3480,92.223.249.51,50001,Audio,2022-01-28 14:30:55.703,1186.62,2022-01-28 14:50:50.735,2022-01-28 15:11:50.938,1260.20,2577.16,,,,,,,101,0-000,0x641,,33.16,12.75,42.96,13.33,3.80,0.00,,,39521,0,0,173,,,,,0,Satin;16000;60,,Audio FEC;;,,,,1,P1201;;LR,nth2,01,,,,,
111,21_01_236_988741304,Teams-2022-01-28-CONF-Fern-Pier-Tun0-nthlab02-FerMobile-PierPC.,2899027671404523503,Teams,20,52.113.37.13,3481,10.8.0.18,34350,52.113.37.13,3481,92.223.249.51,34350,Sharing,2022-01-28 14:30:55.703,1186.70,2022-01-28 15:06:23.250,2022-01-28 15:11:50.774,327.52,2577.16,,,,,,,101,0-000,0xc82,0xc83,245.48,174.64,3.18,0.97,10.06,0.30,2.07,0.00,11233,0,0,407,2034,0,0,3,0,H.264;90000;310,,H.264 FEC;90000;,H.264;90000;530,,H.264 FEC;90000;,1,P1201;;LR,nth2,01,,,,,
112,21_01_236_988741304,Teams-2022-01-28-CONF-Fern-Pier-Tun0-nthlab02-FerMobile-PierPC.,2899027671404523503,Teams,22,10.8.0.18,8776,52.113.37.13,3480,92.223.249.51,8776,52.113.37.13,3480,Data,2022-01-28 14:30:55.703,1186.71,2022-01-28 15:06:23.526,2022-01-28 15:06:23.526,0.00,2577.16,,,,,,,101,0-000,0x26ab,,0.49,0.00,1.00,0.00,0.00,0.00,,,1,0,0,0,,,,,0,x-data;90000;,,,,,,1,P1201;;LR,nth2,01,,,,,
113,21_01_236_988741304,Teams-2022-01-28-CONF-Fern-Pier-Tun0-nthlab02-FerMobile-PierPC.,997780362316287131,Teams,0,10.8.0.14,50002,52.113.224.5,3479,92.223.249.51,50002,52.113.224.5,3479,Audio,2022-01-28 14:30:13.955,1.02,2022-01-28 14:30:18.664,2022-01-28 14:50:38.482,1219.82,2625.54,,,,,,,101,0-000,0x30bd,,35.53,10.31,45.82,10.56,3.99,0.00,,,41262,4,0,115,,,,,0,Satin;16000;60,,Audio FEC;;,,,,1,P1201;;LR,nth2,01,,,,,
114,21_01_236_988741304,Teams-2022-01-28-CONF-Fern-Pier-Tun0-nthlab02-FerMobile-PierPC.,997780362316287131,Teams,1,52.113.224.5,3479,10.8.0.14,50002,52.113.224.5,3479,92.223.249.51,50002,Audio,2022-01-28 14:30:13.955,1.02,2022-01-28 14:31:19.596,2022-01-28 14:50:42.473,1162.88,2625.54,,,,,,,101,0-000,0x3e8,,28.18,14.27,38.54,13.93,2.82,0.01,,,31204,0,1813,332,,,,,0,Satin;16000;60,Redundancy;8000;120,Audio FEC;;,,,,1,P1201;;LR,nth2,01,,,,,
115,21_01_236_988741304,Teams-2022-01-28-CONF-Fern-Pier-Tun0-nthlab02-FerMobile-PierPC.,997780362316287131,Teams,2,52.113.224.5,3480,10.8.0.14,50027,52.113.224.5,3480,92.223.249.51,50027,Video,2022-01-28 14:30:13.955,0.98,2022-01-28 14:31:23.119,2022-01-28 14:50:42.347,1159.23,2625.54,,,,,,,101,0-000,0x3eb,0x3ec,691.74,290.81,20.75,8.80,93.82,7.51,10.10,0.00,139941,0,0,8491,13649,0,0,17,0,H.264;90000;50,,H.264 FEC;90000;,H.264;90000;70,,H.264 FEC;90000;,1,P1201;;LR,nth2,01,,,,,
116,21_01_236_988741304,Teams-2022-01-28-CONF-Fern-Pier-Tun0-nthlab02-FerMobile-PierPC.,997780362316287131,Teams,4,10.8.0.14,50027,52.113.224.5,3480,92.223.249.51,50027,52.113.224.5,3480,Video,2022-01-28 14:30:13.955,0.98,2022-01-28 14:32:09.120,2022-01-28 14:50:42.826,1113.71,2625.54,,,,,,,101,0-000,0x30be,0x30bf,716.30,96.69,21.29,7.96,99.74,1.02,2.57,0.00,128339,7,0,1781,3773,0,0,0,0,H.264;90000;80,,H.264 FEC;90000;,H.264;90000;90,,,1,P1201;;LR,nth2,01,,,,,
117,21_01_236_988741304,Teams-2022-01-28-CONF-Fern-Pier-Tun0-nthlab02-FerMobile-PierPC.,997780362316287131,Teams,6,52.113.224.5,3480,10.8.0.14,50027,52.113.224.5,3480,92.223.249.51,50027,Video,2022-01-28 14:30:13.955,0.98,2022-01-28 14:44:18.837,2022-01-28 14:47:15.720,176.88,2625.54,,,,,,,101,0-000,0x3e9,0x3ea,35.22,30.27,6.03,5.22,0.29,0.13,0.08,0.00,1334,0,0,390,290,0,0,10,0,H.264;90000;180,,H.264 FEC;90000;,H.264;90000;180,,H.264 FEC;90000;,1,P1201;;LR,nth2,01,,,,,
118,21_01_236_988741304,Teams-2022-01-28-CONF-Fern-Pier-Tun0-nthlab02-FerMobile-PierPC.,997780362316287131,Teams,8,10.8.0.14,50008,52.113.37.13,3480,92.223.249.51,50008,52.113.37.13,3480,Audio,2022-01-28 14:30:13.955,1228.26,2022-01-28 14:50:42.901,2022-01-28 15:11:50.857,1267.96,2625.54,,,,,,,101,0-000,0x35d2,,30.95,12.09,43.09,13.23,3.54,0.00,,,39546,0,0,160,,,,,0,Satin;16000;60,,Audio FEC;;,,,,1,P1201;;LR,nth2,01,,,,,
119,21_01_236_988741304,Teams-2022-01-28-CONF-Fern-Pier-Tun0-nthlab02-FerMobile-PierPC.,997780362316287131,Teams,9,52.113.37.13,3480,10.8.0.14,50008,52.113.37.13,3480,92.223.249.51,50008,Audio,2022-01-28 14:30:13.955,1228.26,2022-01-28 14:50:43.612,2022-01-28 15:11:50.197,1266.59,2625.54,,,,,,,101,0-000,0x3e8,,34.81,12.51,43.45,12.41,3.53,0.00,,,35392,0,1890,158,,,,,0,Satin;16000;60,Redundancy;8000;120,Audio FEC;;,,,,1,P1201;;LR,nth2,01,,,,,
120,21_01_236_988741304,Teams-2022-01-28-CONF-Fern-Pier-Tun0-nthlab02-FerMobile-PierPC.,997780362316287131,Teams,10,10.8.0.14,50035,52.113.37.13,3480,92.223.249.51,50035,52.113.37.13,3480,Video,2022-01-28 14:30:13.955,1228.26,2022-01-28 14:50:45.180,2022-01-28 15:11:51.100,1265.92,2625.54,,,,,,,101,0-000,0x35d3,0x35d4,183.26,29.88,14.81,1.41,7.63,0.01,0.00,0.00,12268,0,0,71,15,0,0,0,0,H.264;90000;70,,H.264 FEC;90000;,H.264;90000;130,,,1,P1201;;LR,nth2,01,,,,,
121,21_01_236_988741304,Teams-2022-01-28-CONF-Fern-Pier-Tun0-nthlab02-FerMobile-PierPC.,997780362316287131,Teams,12,52.113.37.13,3480,10.8.0.14,50035,52.113.37.13,3480,92.223.249.51,50035,Video,2022-01-28 14:30:13.955,1228.26,2022-01-28 14:50:45.580,2022-01-28 15:11:50.512,1264.93,2625.54,,,,,,,101,0-000,0x3eb,0x3ec,786.74,177.14,25.93,6.67,124.50,5.28,10.57,0.00,183484,0,0,5847,14816,0,0,2,0,H.264;90000;50,,H.264 FEC;90000;,H.264;90000;70,,H.264 FEC;90000;,1,P1201;;LR,nth2,01,,,,,
122,21_01_236_988741304,Teams-2022-01-28-CONF-Fern-Pier-Tun0-nthlab02-FerMobile-PierPC.,997780362316287131,Teams,14,10.8.0.14,50035,52.113.37.13,3480,92.223.249.51,50035,52.113.37.13,3480,Video,2022-01-28 14:30:13.955,1228.26,2022-01-28 14:50:47.028,2022-01-28 15:06:21.167,934.14,2625.54,,,,,,,101,0-000,0x35d5,0x35d6,703.57,98.79,25.11,7.00,82.23,0.84,2.15,0.00,114364,0,0,1736,3574,0,0,0,0,H.264;90000;70,,H.264 FEC;90000;,H.264;90000;70,,,1,P1201;;LR,nth2,01,,,,,
123,21_01_236_988741304,Teams-2022-01-28-CONF-Fern-Pier-Tun0-nthlab02-FerMobile-PierPC.,997780362316287131,Teams,16,10.8.0.14,50049,52.113.37.13,3481,92.223.249.51,50049,52.113.37.13,3481,Sharing,2022-01-28 14:30:13.955,1228.28,2022-01-28 15:06:23.016,2022-01-28 15:11:51.019,328.00,2625.54,,,,,,,101,0-000,0x39bb,0x39bc,243.41,168.64,3.17,0.98,10.01,0.30,2.11,0.00,11233,3,0,403,2075,0,0,0,0,H.264;90000;310,,H.264 FEC;90000;,H.264;90000;540,,,1,P1201;;LR,nth2,01,,,,,
124,21_01_236_988741304,Teams-2022-01-28-CONF-Fern-Pier-Tun0-nthlab02-FerMobile-PierPC.,997780362316287131,Teams,18,52.113.37.13,3480,10.8.0.14,50041,52.113.37.13,3480,92.223.249.51,50041,Data,2022-01-28 14:30:13.955,1228.28,2022-01-28 15:06:23.587,2022-01-28 15:06:23.587,0.00,2625.54,,,,,,,101,0-000,0x96a,,0.54,0.00,1.00,0.00,0.00,0.00,,,1,0,0,0,,,,,0,x-data;90000;,,,,,,1,P1201;;LR,nth2,01,,,,,
